t_sec,joint,position_cmd,velocity_cmd
0.015345296,joint0,-0.814296362,-0.000000000
0.015345296,joint1,-2.175923896,0.000000000
0.015345296,joint2,-0.561601328,0.000000000
0.025309322,joint0,-0.814391462,-0.019020082
0.025309322,joint1,-2.175839662,0.016846787
0.025309322,joint2,-0.561501328,0.020000000
0.035323565,joint0,-0.814676763,-0.038040164
0.035323565,joint1,-2.175586960,0.033693574
0.035323565,joint2,-0.561201328,0.040000000
0.045319509,joint0,-0.815152266,-0.057060245
0.045319509,joint1,-2.175165790,0.050540361
0.045319509,joint2,-0.560701328,0.060000000
0.055306373,joint0,-0.815817968,-0.076080327
0.055306373,joint1,-2.174576153,0.067387148
0.055306373,joint2,-0.560001328,0.080000000
0.065314121,joint0,-0.816673872,-0.095100409
0.065314121,joint1,-2.173818047,0.084233935
0.065314121,joint2,-0.559101328,0.100000000
0.075317957,joint0,-0.817719977,-0.114120491
0.075317957,joint1,-2.172891474,0.101080722
0.075317957,joint2,-0.558001328,0.120000000
0.085338975,joint0,-0.818956282,-0.133140573
0.085338975,joint1,-2.171796433,0.117927509
0.085338975,joint2,-0.556701328,0.140000000
0.095428439,joint0,-0.820382788,-0.152160655
0.095428439,joint1,-2.170532924,0.134774296
0.095428439,joint2,-0.555201328,0.160000000
0.105327161,joint0,-0.821999495,-0.171180736
0.105327161,joint1,-2.169100947,0.151621083
0.105327161,joint2,-0.553501328,0.180000000
0.115329810,joint0,-0.823806403,-0.190200818
0.115329810,joint1,-2.167500502,0.168467870
0.115329810,joint2,-0.551601328,0.200000000
0.125317792,joint0,-0.825803511,-0.209220900
0.125317792,joint1,-2.165731590,0.185314657
0.125317792,joint2,-0.549501328,0.220000000
0.135306892,joint0,-0.827990821,-0.228240982
0.135306892,joint1,-2.163794209,0.202161444
0.135306892,joint2,-0.547201328,0.240000000
0.145308772,joint0,-0.830368331,-0.247261064
0.145308772,joint1,-2.161688361,0.219008231
0.145308772,joint2,-0.544701328,0.260000000
0.155324691,joint0,-0.832936042,-0.266281146
0.155324691,joint1,-2.159414044,0.235855018
0.155324691,joint2,-0.542001328,0.280000000
0.165332229,joint0,-0.835693954,-0.285301227
0.165332229,joint1,-2.156971260,0.252701805
0.165332229,joint2,-0.539101328,0.300000000
0.175322865,joint0,-0.838642067,-0.304321309
0.175322865,joint1,-2.154360008,0.269548593
0.175322865,joint2,-0.536001328,0.320000000
0.185326213,joint0,-0.841780380,-0.323341391
0.185326213,joint1,-2.151580289,0.286395380
0.185326213,joint2,-0.532701328,0.340000000
0.195320620,joint0,-0.845108894,-0.342361473
0.195320620,joint1,-2.148632101,0.303242167
0.195320620,joint2,-0.529201328,0.360000000
0.205322571,joint0,-0.848627610,-0.361381555
0.205322571,joint1,-2.145515445,0.320088954
0.205322571,joint2,-0.525501328,0.380000000
0.215329899,joint0,-0.852336525,-0.380401637
0.215329899,joint1,-2.142230322,0.336935741
0.215329899,joint2,-0.521601328,0.400000000
0.225331990,joint0,-0.856235642,-0.399421718
0.225331990,joint1,-2.138776730,0.353782528
0.225331990,joint2,-0.517501328,0.420000000
0.235333591,joint0,-0.860324960,-0.418441800
0.235333591,joint1,-2.135154671,0.370629315
0.235333591,joint2,-0.513201328,0.440000000
0.245334633,joint0,-0.864604478,-0.437461882
0.245334633,joint1,-2.131364144,0.387476102
0.245334633,joint2,-0.508701328,0.460000000
0.255310253,joint0,-0.869074197,-0.456481964
0.255310253,joint1,-2.127405149,0.404322889
0.255310253,joint2,-0.504001328,0.480000000
0.265331969,joint0,-0.873734118,-0.475502046
0.265331969,joint1,-2.123277686,0.421169676
0.265331969,joint2,-0.499101328,0.500000000
0.275313805,joint0,-0.878584238,-0.494522128
0.275313805,joint1,-2.118981756,0.438016463
0.275313805,joint2,-0.494001328,0.520000000
0.285325953,joint0,-0.883624560,-0.513542209
0.285325953,joint1,-2.114517357,0.454863250
0.285325953,joint2,-0.488701328,0.540000000
0.295329649,joint0,-0.888855083,-0.532562291
0.295329649,joint1,-2.109884491,0.471710037
0.295329649,joint2,-0.483201328,0.560000000
0.305317422,joint0,-0.894275806,-0.551582373
0.305317422,joint1,-2.105083156,0.488556824
0.305317422,joint2,-0.477501328,0.580000000
0.315328731,joint0,-0.899886730,-0.570602455
0.315328731,joint1,-2.100113354,0.505403611
0.315328731,joint2,-0.471601328,0.600000000
0.325328377,joint0,-0.905687855,-0.589622537
0.325328377,joint1,-2.094975084,0.522250398
0.325328377,joint2,-0.465501328,0.620000000
0.335329839,joint0,-0.911679181,-0.608642619
0.335329839,joint1,-2.089668346,0.539097185
0.335329839,joint2,-0.459201328,0.640000000
0.345319147,joint0,-0.917860707,-0.627662700
0.345319147,joint1,-2.084193140,0.555943972
0.345319147,joint2,-0.452701328,0.660000000
0.355320888,joint0,-0.924232435,-0.646682782
0.355320888,joint1,-2.078549467,0.572790759
0.355320888,joint2,-0.446001328,0.680000000
0.365325004,joint0,-0.930794363,-0.665702864
0.365325004,joint1,-2.072737325,0.589637546
0.365325004,joint2,-0.439101328,0.700000000
0.375305094,joint0,-0.937546492,-0.684722946
0.375305094,joint1,-2.066756716,0.606484333
0.375305094,joint2,-0.432001328,0.720000000
0.385330442,joint0,-0.944488822,-0.703743028
0.385330442,joint1,-2.060607639,0.623331120
0.385330442,joint2,-0.424701328,0.740000000
0.395331135,joint0,-0.951621353,-0.722763110
0.395331135,joint1,-2.054290093,0.640177907
0.395331135,joint2,-0.417201328,0.760000000
0.405332457,joint0,-0.958944084,-0.741783191
0.405332457,joint1,-2.047804080,0.657024694
0.405332457,joint2,-0.409501328,0.780000000
0.415321208,joint0,-0.966457016,-0.760803273
0.415321208,joint1,-2.041149600,0.673871481
0.415321208,joint2,-0.401601328,0.800000000
0.425315476,joint0,-0.974160150,-0.779823355
0.425315476,joint1,-2.034326651,0.690718268
0.425315476,joint2,-0.393501328,0.820000000
0.435315191,joint0,-0.982053484,-0.798843437
0.435315191,joint1,-2.027335234,0.707565055
0.435315191,joint2,-0.385201328,0.840000000
0.445321403,joint0,-0.990137018,-0.817863519
0.445321403,joint1,-2.020175350,0.724411842
0.445321403,joint2,-0.376701328,0.860000000
0.455305543,joint0,-0.998410754,-0.836883601
0.455305543,joint1,-2.012846997,0.741258629
0.455305543,joint2,-0.368001328,0.880000000
0.465350098,joint0,-1.006874690,-0.855903682
0.465350098,joint1,-2.005350177,0.758105416
0.465350098,joint2,-0.359101328,0.900000000
0.475324391,joint0,-1.015528828,-0.874923764
0.475324391,joint1,-1.997684889,0.774952203
0.475324391,joint2,-0.350001328,0.920000000
0.485336679,joint0,-1.024373166,-0.893943846
0.485336679,joint1,-1.989851133,0.791798991
0.485336679,joint2,-0.340701328,0.940000000
0.495316908,joint0,-1.033407705,-0.912963928
0.495316908,joint1,-1.981848909,0.808645778
0.495316908,joint2,-0.331201328,0.960000000
0.505323678,joint0,-1.042632444,-0.931984010
0.505323678,joint1,-1.973678217,0.825492565
0.505323678,joint2,-0.321501328,0.980000000
0.515316619,joint0,-1.052047385,-0.951004092
0.515316619,joint1,-1.965339058,0.842339352
0.515316619,joint2,-0.311601328,1.000000000
0.525305160,joint0,-1.061557426,-0.951004092
0.525305160,joint1,-1.956915664,0.842339352
0.525305160,joint2,-0.301601328,1.000000000
0.535316818,joint0,-1.071067467,-0.951004092
0.535316818,joint1,-1.948492271,0.842339352
0.535316818,joint2,-0.291601328,1.000000000
0.545423604,joint0,-1.080577507,-0.951004092
0.545423604,joint1,-1.940068877,0.842339352
0.545423604,joint2,-0.281601328,1.000000000
0.555306123,joint0,-1.090087548,-0.951004092
0.555306123,joint1,-1.931645484,0.842339352
0.555306123,joint2,-0.271601328,1.000000000
0.565332518,joint0,-1.099597589,-0.951004092
0.565332518,joint1,-1.923222090,0.842339352
0.565332518,joint2,-0.261601328,1.000000000
0.575324342,joint0,-1.109107630,-0.951004092
0.575324342,joint1,-1.914798697,0.842339352
0.575324342,joint2,-0.251601328,1.000000000
0.585325105,joint0,-1.118617671,-0.951004092
0.585325105,joint1,-1.906375303,0.842339352
0.585325105,joint2,-0.241601328,1.000000000
0.595327335,joint0,-1.128127712,-0.951004092
0.595327335,joint1,-1.897951910,0.842339352
0.595327335,joint2,-0.231601328,1.000000000
0.605311266,joint0,-1.137637753,-0.951004092
0.605311266,joint1,-1.889528516,0.842339352
0.605311266,joint2,-0.221601328,1.000000000
0.615327954,joint0,-1.147147794,-0.951004092
0.615327954,joint1,-1.881105123,0.842339352
0.615327954,joint2,-0.211601328,1.000000000
0.625333118,joint0,-1.156657835,-0.951004092
0.625333118,joint1,-1.872681729,0.842339352
0.625333118,joint2,-0.201601328,1.000000000
0.635315652,joint0,-1.166167876,-0.951004092
0.635315652,joint1,-1.864258336,0.842339352
0.635315652,joint2,-0.191601328,1.000000000
0.645316206,joint0,-1.175677917,-0.951004092
0.645316206,joint1,-1.855834942,0.842339352
0.645316206,joint2,-0.181601328,1.000000000
0.655335757,joint0,-1.185187958,-0.951004092
0.655335757,joint1,-1.847411549,0.842339352
0.655335757,joint2,-0.171601328,1.000000000
0.665331282,joint0,-1.194697998,-0.951004092
0.665331282,joint1,-1.838988155,0.842339352
0.665331282,joint2,-0.161601328,1.000000000
0.675315004,joint0,-1.204208039,-0.951004092
0.675315004,joint1,-1.830564762,0.842339352
0.675315004,joint2,-0.151601328,1.000000000
0.685323240,joint0,-1.213718080,-0.951004092
0.685323240,joint1,-1.822141368,0.842339352
0.685323240,joint2,-0.141601328,1.000000000
0.695319394,joint0,-1.223228121,-0.951004092
0.695319394,joint1,-1.813717975,0.842339352
0.695319394,joint2,-0.131601328,1.000000000
0.705325745,joint0,-1.232738162,-0.951004092
0.705325745,joint1,-1.805294581,0.842339352
0.705325745,joint2,-0.121601328,1.000000000
0.715328394,joint0,-1.242248203,-0.951004092
0.715328394,joint1,-1.796871188,0.842339352
0.715328394,joint2,-0.111601328,1.000000000
0.725329506,joint0,-1.251758244,-0.951004092
0.725329506,joint1,-1.788447794,0.842339352
0.725329506,joint2,-0.101601328,1.000000000
0.735329013,joint0,-1.261268285,-0.951004092
0.735329013,joint1,-1.780024401,0.842339352
0.735329013,joint2,-0.091601328,1.000000000
0.745344303,joint0,-1.270778326,-0.951004092
0.745344303,joint1,-1.771601007,0.842339352
0.745344303,joint2,-0.081601328,1.000000000
0.755332565,joint0,-1.280288367,-0.951004092
0.755332565,joint1,-1.763177613,0.842339352
0.755332565,joint2,-0.071601328,1.000000000
0.765349601,joint0,-1.289798408,-0.951004092
0.765349601,joint1,-1.754754220,0.842339352
0.765349601,joint2,-0.061601328,1.000000000
0.775330320,joint0,-1.299308449,-0.951004092
0.775330320,joint1,-1.746330826,0.842339352
0.775330320,joint2,-0.051601328,1.000000000
0.785335553,joint0,-1.308818489,-0.951004092
0.785335553,joint1,-1.737907433,0.842339352
0.785335553,joint2,-0.041601328,1.000000000
0.795346933,joint0,-1.318328530,-0.951004092
0.795346933,joint1,-1.729484039,0.842339352
0.795346933,joint2,-0.031601328,1.000000000
0.805353982,joint0,-1.327781614,-0.936284457
0.805353982,joint1,-1.721111095,0.829301629
0.805353982,joint2,-0.021661220,0.984522007
0.815337145,joint0,-1.337049358,-0.917264375
0.815337145,joint1,-1.712902313,0.812454842
0.815337145,joint2,-0.011916000,0.964522007
0.825326175,joint0,-1.346126901,-0.898244294
0.825326175,joint1,-1.704861999,0.795608055
0.825326175,joint2,-0.002370780,0.944522007
0.835342094,joint0,-1.355014244,-0.879224212
0.835342094,joint1,-1.696990152,0.778761268
0.835342094,joint2,0.006974440,0.924522007
0.845339714,joint0,-1.363711385,-0.860204130
0.845339714,joint1,-1.689286773,0.761914481
0.845339714,joint2,0.016119660,0.904522007
0.855326998,joint0,-1.372218326,-0.841184048
0.855326998,joint1,-1.681751862,0.745067694
0.855326998,joint2,0.025064880,0.884522007
0.865341311,joint0,-1.380535066,-0.822163966
0.865341311,joint1,-1.674385419,0.728220907
0.865341311,joint2,0.033810101,0.864522007
0.875315953,joint0,-1.388661606,-0.803143884
0.875315953,joint1,-1.667187444,0.711374120
0.875315953,joint2,0.042355321,0.844522007
0.885326983,joint0,-1.396597944,-0.784123803
0.885326983,joint1,-1.660157937,0.694527333
0.885326983,joint2,0.050700541,0.824522007
0.895324115,joint0,-1.404344082,-0.765103721
0.895324115,joint1,-1.653296897,0.677680546
0.895324115,joint2,0.058845761,0.804522007
0.905307138,joint0,-1.411900018,-0.746083639
0.905307138,joint1,-1.646604326,0.660833759
0.905307138,joint2,0.066790981,0.784522007
0.915326130,joint0,-1.419265754,-0.727063557
0.915326130,joint1,-1.640080222,0.643986972
0.915326130,joint2,0.074536201,0.764522007
0.925313973,joint0,-1.426441290,-0.708043475
0.925313973,joint1,-1.633724586,0.627140185
0.925313973,joint2,0.082081421,0.744522007
0.935327238,joint0,-1.433426624,-0.689023393
0.935327238,joint1,-1.627537419,0.610293398
0.935327238,joint2,0.089426641,0.724522007
0.945334567,joint0,-1.440221758,-0.670003312
0.945334567,joint1,-1.621518719,0.593446611
0.945334567,joint2,0.096571861,0.704522007
0.955307113,joint0,-1.446826690,-0.650983230
0.955307113,joint1,-1.615668486,0.576599824
0.955307113,joint2,0.103517081,0.684522007
0.965349294,joint0,-1.453241422,-0.631963148
0.965349294,joint1,-1.609986722,0.559753037
0.965349294,joint2,0.110262301,0.664522007
0.975309269,joint0,-1.459465953,-0.612943066
0.975309269,joint1,-1.604473426,0.542906250
0.975309269,joint2,0.116807521,0.644522007
0.985311848,joint0,-1.465500283,-0.593922984
0.985311848,joint1,-1.599128597,0.526059463
0.985311848,joint2,0.123152741,0.624522007
0.995301786,joint0,-1.471344413,-0.574902902
0.995301786,joint1,-1.593952236,0.509212676
0.995301786,joint2,0.129297962,0.604522007
1.005312467,joint0,-1.476998341,-0.555882821
1.005312467,joint1,-1.588944344,0.492365889
1.005312467,joint2,0.135243182,0.584522007
1.015314278,joint0,-1.482462069,-0.536862739
1.015314278,joint1,-1.584104919,0.475519102
1.015314278,joint2,0.140988402,0.564522007
1.025309314,joint0,-1.487735596,-0.517842657
1.025309314,joint1,-1.579433962,0.458672315
1.025309314,joint2,0.146533622,0.544522007
1.035310915,joint0,-1.492818922,-0.498822575
1.035310915,joint1,-1.574931472,0.441825528
1.035310915,joint2,0.151878842,0.524522007
1.045315241,joint0,-1.497712048,-0.479802493
1.045315241,joint1,-1.570597451,0.424978741
1.045315241,joint2,0.157024062,0.504522007
1.055312582,joint0,-1.502414972,-0.460782412
1.055312582,joint1,-1.566431897,0.408131954
1.055312582,joint2,0.161969282,0.484522007
1.065317745,joint0,-1.506927696,-0.441762330
1.065317745,joint1,-1.562434812,0.391285167
1.065317745,joint2,0.166714502,0.464522007
1.075310337,joint0,-1.511250219,-0.422742248
1.075310337,joint1,-1.558606194,0.374438379
1.075310337,joint2,0.171259722,0.444522007
1.085323672,joint0,-1.515382541,-0.403722166
1.085323672,joint1,-1.554946044,0.357591592
1.085323672,joint2,0.175604942,0.424522007
1.095302924,joint0,-1.519324662,-0.384702084
1.095302924,joint1,-1.551454362,0.340744805
1.095302924,joint2,0.179750162,0.404522007
1.105307598,joint0,-1.523076583,-0.365682002
1.105307598,joint1,-1.548131148,0.323898018
1.105307598,joint2,0.183695382,0.384522007
1.115314648,joint0,-1.526638302,-0.346661921
1.115314648,joint1,-1.544976402,0.307051231
1.115314648,joint2,0.187440602,0.364522007
1.125325608,joint0,-1.530009821,-0.327641839
1.125325608,joint1,-1.541990124,0.290204444
1.125325608,joint2,0.190985822,0.344522007
1.135338734,joint0,-1.533191139,-0.308621757
1.135338734,joint1,-1.539172313,0.273357657
1.135338734,joint2,0.194331043,0.324522007
1.145313096,joint0,-1.536182256,-0.289601675
1.145313096,joint1,-1.536522970,0.256510870
1.145313096,joint2,0.197476263,0.304522007
1.155312253,joint0,-1.538983173,-0.270581593
1.155312253,joint1,-1.534042096,0.239664083
1.155312253,joint2,0.200421483,0.284522007
1.165329360,joint0,-1.541593888,-0.251561511
1.165329360,joint1,-1.531729689,0.222817296
1.165329360,joint2,0.203166703,0.264522007
1.175321532,joint0,-1.544014403,-0.232541430
1.175321532,joint1,-1.529585750,0.205970509
1.175321532,joint2,0.205711923,0.244522007
1.185329490,joint0,-1.546244717,-0.213521348
1.185329490,joint1,-1.527610279,0.189123722
1.185329490,joint2,0.208057143,0.224522007
1.195320685,joint0,-1.548284830,-0.194501266
1.195320685,joint1,-1.525803275,0.172276935
1.195320685,joint2,0.210202363,0.204522007
1.205320470,joint0,-1.550134742,-0.175481184
1.205320470,joint1,-1.524164740,0.155430148
1.205320470,joint2,0.212147583,0.184522007
1.215329126,joint0,-1.551794453,-0.156461102
1.215329126,joint1,-1.522694672,0.138583361
1.215329126,joint2,0.213892803,0.164522007
1.225314035,joint0,-1.553263964,-0.137441020
1.225314035,joint1,-1.521393073,0.121736574
1.225314035,joint2,0.215438023,0.144522007
1.235315776,joint0,-1.554543274,-0.118420939
1.235315776,joint1,-1.520259941,0.104889787
1.235315776,joint2,0.216783243,0.124522007
1.245364172,joint0,-1.555632383,-0.099400857
1.245364172,joint1,-1.519295277,0.088043000
1.245364172,joint2,0.217928463,0.104522007
1.255290203,joint0,-1.556531291,-0.080380775
1.255290203,joint1,-1.518499081,0.071196213
1.255290203,joint2,0.218873683,0.084522007
1.265326168,joint0,-1.557239998,-0.061360693
1.265326168,joint1,-1.517871353,0.054349426
1.265326168,joint2,0.219618904,0.064522007
1.275334334,joint0,-1.557758505,-0.042340611
1.275334334,joint1,-1.517412092,0.037502639
1.275334334,joint2,0.220164124,0.044522007
1.285332304,joint0,-1.558086810,-0.023320529
1.285332304,joint1,-1.517121300,0.020655852
1.285332304,joint2,0.220509344,0.024522007
1.295319029,joint0,-1.558224915,-0.004300448
1.295319029,joint1,-1.516998975,0.003809065
1.295319029,joint2,0.220654564,0.004522007
1.305336415,joint0,-1.558229777,-0.000000000
1.305336415,joint1,-1.516994669,0.000000000
1.305336415,joint2,0.220659676,0.000000000
