t_sec,joint,position,velocity,effort
0.546782951,J1,0.499721220,-1.114944943,0.104690532
0.546782951,J2,3.131522654,-3.000000000,-1.725142108
0.546782951,J3,1.305729375,-3.000000000,0.285925910
0.556764223,J1,0.489948113,-0.977310702,0.110444601
0.556764223,J2,3.101522654,-3.000000000,-1.724191146
0.556764223,J3,1.275729375,-3.000000000,0.285016371
0.566760442,J1,0.481282274,-0.866583955,0.114759972
0.566760442,J2,3.071522654,-3.000000000,-1.721334445
0.566760442,J3,1.245729375,-3.000000000,0.283897196
0.576803247,J1,0.473612484,-0.766979008,0.117811908
0.576803247,J2,3.041522654,-3.000000000,-1.716806916
0.576803247,J3,1.215729375,-3.000000000,0.282683737
0.586821956,J1,0.466967140,-0.664534373,0.119442579
0.586821956,J2,3.011522654,-3.000000000,-1.710700098
0.586821956,J3,1.185729375,-3.000000000,0.281445555
0.596741766,J1,0.461114337,-0.585280252,0.120438119
0.596741766,J2,2.981522654,-3.000000000,-1.703154162
0.596741766,J3,1.155729375,-3.000000000,0.280099125
0.606734004,J1,0.455974341,-0.513999668,0.120648912
0.606734004,J2,2.951522654,-3.000000000,-1.694224349
0.606734004,J3,1.125729375,-3.000000000,0.278718411
0.616709339,J1,0.451601961,-0.437237973,0.119644086
0.616709339,J2,2.921522654,-3.000000000,-1.683912489
0.616709339,J3,1.095729375,-3.000000000,0.277345924
0.626769745,J1,0.447792916,-0.380904519,0.118620951
0.626769745,J2,2.891522654,-3.000000000,-1.672366077
0.626769745,J3,1.065729375,-3.000000000,0.275925686
0.636790409,J1,0.444490400,-0.330251558,0.117136787
0.636790409,J2,2.861522654,-3.000000000,-1.659565717
0.636790409,J3,1.035729375,-3.000000000,0.274504314
0.646757783,J1,0.441767982,-0.272241867,0.114524226
0.646757783,J2,2.831522654,-3.000000000,-1.645486997
0.646757783,J3,1.005729375,-3.000000000,0.273106997
0.656740242,J1,0.439442030,-0.232595177,0.112361934
0.656740242,J2,2.801522654,-3.000000000,-1.630261792
0.656740242,J3,0.975729375,-3.000000000,0.271698863
0.666759370,J1,0.437595740,-0.184629001,0.109088652
0.666759370,J2,2.771522654,-3.000000000,-1.613809136
0.666759370,J3,0.945729375,-3.000000000,0.270320500
0.676823128,J1,0.436056925,-0.153881478,0.106511471
0.676823128,J2,2.741522654,-3.000000000,-1.596240118
0.676823128,J3,0.915729375,-3.000000000,0.268948470
0.686781911,J1,0.434794383,-0.126254201,0.103778687
0.686781911,J2,2.711522654,-3.000000000,-1.577520997
0.686781911,J3,0.885729375,-3.000000000,0.267602204
0.696741392,J1,0.433901522,-0.089286083,0.099914803
0.696741392,J2,2.681522654,-3.000000000,-1.557642664
0.696741392,J3,0.855729375,-3.000000000,0.266290374
0.706715121,J1,0.433218988,-0.068253448,0.097030599
0.706715121,J2,2.651522654,-3.000000000,-1.536682059
0.706715121,J3,0.825729375,-3.000000000,0.265001934
0.716756599,J1,0.432725301,-0.049368657,0.094080244
0.716756599,J2,2.621522654,-3.000000000,-1.514622867
0.716756599,J3,0.795729375,-3.000000000,0.263747180
0.726748907,J1,0.432520844,-0.020445737,0.089955568
0.726748907,J2,2.591522654,-3.000000000,-1.491475499
0.726748907,J3,0.765729375,-3.000000000,0.262529495
0.736826215,J1,0.432456103,-0.006474109,0.087011708
0.736826215,J2,2.561522654,-3.000000000,-1.467281300
0.736826215,J3,0.735729375,-3.000000000,0.261346509
0.746766419,J1,0.432635068,0.017896570,0.082862985
0.746766419,J2,2.531522654,-3.000000000,-1.442050652
0.746766419,J3,0.705729375,-3.000000000,0.260201780
0.756768854,J1,0.432914104,0.027903565,0.079987906
0.756768854,J2,2.501522654,-3.000000000,-1.415800207
0.756768854,J3,0.675729375,-3.000000000,0.259097522
0.766775619,J1,0.433282772,0.036866830,0.077108758
0.766775619,J2,2.471522654,-3.000000000,-1.388552895
0.766775619,J3,0.645729375,-3.000000000,0.258034876
0.776731119,J1,0.433848364,0.056559160,0.072984771
0.776731119,J2,2.441522654,-3.000000000,-1.360350944
0.776731119,J3,0.615729375,-3.000000000,0.257012205
0.786806472,J1,0.434473654,0.062529063,0.070226870
0.786806472,J2,2.411522654,-3.000000000,-1.331183033
0.786806472,J3,0.585729375,-3.000000000,0.256035952
0.796734872,J1,0.435152252,0.067859801,0.067472870
0.796734872,J2,2.381522654,-3.000000000,-1.301092170
0.796734872,J3,0.555729375,-3.000000000,0.255104405
0.806838302,J1,0.435993407,0.084115427,0.063452676
0.806838302,J2,2.351522654,-3.000000000,-1.270134448
0.806838302,J3,0.525729375,-3.000000000,0.254214488
0.816745260,J1,0.436865029,0.087162264,0.060838927
0.816745260,J2,2.321522654,-3.000000000,-1.238277328
0.816745260,J3,0.495729375,-3.000000000,0.253375196
0.826854067,J1,0.437763660,0.089863078,0.058225958
0.826854067,J2,2.291522654,-3.000000000,-1.205579987
0.826854067,J3,0.465729375,-3.000000000,0.252583050
0.836933541,J1,0.438799537,0.103587657,0.054350423
0.836933541,J2,2.261522654,-3.000000000,-1.172108465
0.836933541,J3,0.435729375,-3.000000000,0.251834166
0.846776592,J1,0.439844768,0.104523146,0.051876393
0.846776592,J2,2.231522654,-3.000000000,-1.137816191
0.846776592,J3,0.405729375,-3.000000000,0.251138879
0.856798513,J1,0.441010148,0.116537972,0.045175604
0.856798513,J2,2.202362604,-2.916004949,-1.106712065
0.856798513,J3,0.375729375,-3.000000000,0.253465235
0.866760788,J1,0.442170723,0.116057463,0.032936363
0.866760788,J2,2.176480341,-2.588226295,-1.087324419
0.866760788,J3,0.345729375,-3.000000000,0.263739684
0.876807853,J1,0.443326573,0.115585081,0.024111216
0.876807853,J2,2.153547850,-2.293249166,-1.069739470
0.876807853,J3,0.315729375,-3.000000000,0.271734186
0.886833267,J1,0.444588317,0.126174320,0.016365049
0.886833267,J2,2.133630994,-1.991685538,-1.055619253
0.886833267,J3,0.285729375,-3.000000000,0.278697378
0.896774938,J1,0.445834033,0.124571662,0.012355063
0.896774938,J2,2.116066670,-1.756432419,-1.041528298
0.896774938,J3,0.255729375,-3.000000000,0.282955241
0.906804542,J1,0.447064934,0.123090129,0.009655358
0.906804542,J2,2.100619394,-1.544727567,-1.028834951
0.906804542,J3,0.225729375,-3.000000000,0.285883268
0.916760182,J1,0.448391092,0.132615732,0.007107459
0.916760182,J2,2.087437397,-1.318199714,-1.019200234
0.916760182,J3,0.195729375,-3.000000000,0.288253518
0.926853205,J1,0.449693227,0.130213523,0.006277056
0.926853205,J2,2.075933539,-1.150385879,-1.009112856
0.926853205,J3,0.165729375,-3.000000000,0.288895899
0.936760582,J1,0.450973359,0.128013158,0.005886925
0.936760582,J2,2.065939782,-0.999375629,-0.999978754
0.936760582,J3,0.135729375,-3.000000000,0.288710144
0.946744229,J1,0.452340753,0.136739441,0.005420446
0.946744229,J2,2.057664177,-0.827560558,-0.993488015
0.946744229,J3,0.105729375,-3.000000000,0.288143511
0.956820629,J1,0.453678478,0.133772481,0.005656462
0.956820629,J2,2.050575194,-0.708898256,-0.986119930
0.956820629,J3,0.075729375,-3.000000000,0.286443681
0.966736108,J1,0.455095443,0.141696496,0.005342580
0.966736108,J2,2.044912595,-0.566259932,-0.978848974
0.966736108,J3,0.046491130,-2.923824500,0.284492176
0.976751954,J1,0.456476658,0.138121492,0.003925988
0.976751954,J2,2.040174682,-0.473791268,-0.963557418
0.976751954,J3,0.020469785,-2.602134534,0.282119352
0.986753900,J1,0.457825327,0.134866906,0.002869352
0.986753900,J2,2.036268780,-0.390590241,-0.950592769
0.986753900,J3,-0.002655570,-2.312535465,0.279767444
0.996780641,J1,0.459249175,0.142384820,0.001958581
0.996780641,J2,2.033469291,-0.279948858,-0.940392445
0.996780641,J3,-0.022878331,-2.022276069,0.277595510
1.006788873,J1,0.460635112,0.138593736,0.001448695
1.006788873,J2,2.031307360,-0.216193073,-0.931587561
1.006788873,J3,-0.040782611,-1.790428058,0.275334924
1.016736410,J1,0.461986566,0.135145396,0.001089009
1.016736410,J2,2.029719033,-0.158832756,-0.924322534
1.016736410,J3,-0.056599475,-1.581686409,0.273185357
1.026713283,J1,0.463410012,0.142344530,0.000872775
1.026713283,J2,2.029003771,-0.071526216,-0.918989090
1.026713283,J3,-0.070238319,-1.363884383,0.271179864
1.036727731,J1,0.464794142,0.138413068,0.000739341
1.036727731,J2,2.028716862,-0.028690877,-0.914617868
1.036727731,J3,-0.082213931,-1.197561204,0.269243453
1.046736242,J1,0.466142533,0.134839086,0.000663655
1.046736242,J2,2.028815282,0.009841963,-0.911253662
1.046736242,J3,-0.092691846,-1.047791506,0.267438446
1.056796299,J1,0.467560368,0.141783516,0.000776059
1.056796299,J2,2.029616575,0.080129337,-0.909253270
1.056796299,J3,-0.101519329,-0.882748246,0.265715374
1.066740484,J1,0.468938033,0.137766520,0.000778048
1.066740484,J2,2.030693822,0.107724705,-0.907930372
1.066740484,J3,-0.109161555,-0.764222662,0.264145163
1.076856835,J1,0.470380111,0.144207798,0.001014448
1.076856835,J2,2.032374973,0.168115103,-0.907679317
1.076856835,J3,-0.115432164,-0.627060865,0.262609850
1.086756809,J1,0.471778551,0.139843929,0.001039445
1.086756809,J2,2.034243560,0.186858660,-0.907964925
1.086756809,J3,-0.120770821,-0.533865756,0.261267051
1.096748977,J1,0.473137370,0.135881965,0.001072376
1.096748977,J2,2.036280666,0.203710622,-0.908714418
1.096748977,J3,-0.125269926,-0.449910479,0.260033806
1.106748967,J1,0.474559729,0.142235842,0.001392122
1.106748967,J2,2.038824311,0.254364530,-0.910236854
1.106748967,J3,-0.128705351,-0.343542445,0.258776323
1.116770749,J1,0.475939051,0.137932231,0.001411493
1.116770749,J2,2.041468469,0.264415741,-0.912152683
1.116770749,J3,-0.131489147,-0.278379633,0.257737792
1.126767597,J1,0.477279303,0.134025155,0.001433347
1.126767597,J2,2.044202925,0.273445636,-0.914344922
1.126767597,J3,-0.133685676,-0.219652857,0.256786841
1.136717090,J1,0.478682244,0.140294101,0.001787877
1.136717090,J2,2.047372890,0.316996502,-0.917102544
1.136717090,J3,-0.135042362,-0.135668600,0.255762500
1.146796633,J1,0.480042747,0.136050325,0.001781293
1.146796633,J2,2.050580103,0.320721356,-0.920156598
1.146796633,J3,-0.135952074,-0.090971267,0.254970673
1.156714417,J1,0.481461919,0.141917163,0.002145146
1.156714417,J2,2.054174635,0.359453187,-0.923653827
1.156714417,J3,-0.136145778,-0.019370399,0.254073403
1.166759248,J1,0.482836039,0.137411997,0.002106419
1.166759248,J2,2.057763514,0.358887892,-0.927391730
1.166759248,J3,-0.136006376,0.013940248,0.253419580
1.176769505,J1,0.484169285,0.133324633,0.002073125
1.176769505,J2,2.061347163,0.358364863,-0.931200036
1.176769505,J3,-0.135566363,0.044001223,0.252820979
1.186760137,J1,0.485561308,0.139202314,0.002440398
1.186760137,J2,2.065279345,0.393218259,-0.935340431
1.186760137,J3,-0.134538803,0.102756001,0.252085432
1.196747136,J1,0.486909695,0.134838699,0.002373820
1.196747136,J2,2.069171557,0.389221136,-0.939671617
1.196747136,J3,-0.133296997,0.124180676,0.251595803
1.206727082,J1,0.488218488,0.130879345,0.002315343
1.206727082,J2,2.073027663,0.385610626,-0.944004915
1.206727082,J3,-0.131861547,0.143545023,0.251146551
1.216698436,J1,0.489585936,0.136744746,0.002681486
1.216698436,J2,2.077204010,0.417634666,-0.948591052
1.216698436,J3,-0.129931521,0.193002567,0.250536534
1.226779585,J1,0.490910930,0.132499391,0.002590615
1.226779585,J2,2.081315463,0.411145300,-0.953333420
1.226779585,J3,-0.127874197,0.205732350,0.250173172
1.236772661,J1,0.492197401,0.128647071,0.002510496
1.236772661,J2,2.085368393,0.405292978,-0.958029849
1.236772661,J3,-0.125701476,0.217272114,0.249838586
1.246784945,J1,0.493542237,0.134483694,0.002874083
1.246784945,J2,2.089720929,0.435253652,-0.962922001
1.246784945,J3,-0.123101270,0.260020645,0.249325493
1.256712647,J1,0.494845631,0.130339329,0.002763118
1.256712647,J2,2.093990496,0.426956677,-0.967946337
1.256712647,J3,-0.120437452,0.266381770,0.249058976
1.266721088,J1,0.496203839,0.135820809,0.003119266
1.266721088,J2,2.098537358,0.454686178,-0.973117059
1.266721088,J3,-0.117390234,0.304721758,0.248599018
1.276758445,J1,0.497518343,0.131450425,0.002980906
1.276758445,J2,2.102981507,0.444414981,-0.978398780
1.276758445,J3,-0.114321584,0.306865032,0.248390551
1.286690548,J1,0.498793209,0.127486597,0.002859058
1.286690548,J2,2.107333120,0.435161228,-0.983570720
1.286690548,J3,-0.111232799,0.308878547,0.248196426
1.296743969,J1,0.500123304,0.133009488,0.003214073
1.296743969,J2,2.111953048,0.461992879,-0.988860601
1.296743969,J3,-0.107796344,0.343645440,0.247799806
1.306773084,J1,0.501411296,0.128799157,0.003065836
1.306773084,J2,2.116462591,0.450954285,-0.994250981
1.306773084,J3,-0.104373983,0.342236137,0.247652688
1.316778243,J1,0.502661095,0.124979941,0.002935330
1.316778243,J2,2.120872703,0.441011202,-0.999516108
1.316778243,J3,-0.100963449,0.341053361,0.247514479
1.326832573,J1,0.503966236,0.130514143,0.003289680
1.326832573,J2,2.125544614,0.467191088,-1.004878053
1.326832573,J3,-0.097230574,0.373287570,0.247167247
1.336836893,J1,0.505230581,0.126434502,0.003133608
1.336836893,J2,2.130100627,0.455601328,-1.010333424
1.336836893,J3,-0.093537993,0.369258075,0.247067891
1.346794698,J1,0.506457916,0.122733456,0.002996255
1.346794698,J2,2.134552263,0.445163569,-1.015652750
1.346794698,J3,-0.089880811,0.365718234,0.246973354
1.356788682,J1,0.507740489,0.128257358,0.003350394
1.356788682,J2,2.139260988,0.470872447,-1.021052967
1.356788682,J3,-0.085919014,0.396179622,0.246665142
1.366782736,J1,0.508983357,0.124286733,0.003188115
1.366782736,J2,2.143849875,0.458888774,-1.026541965
1.366782736,J3,-0.082016919,0.390209502,0.246603489
1.376769037,J1,0.510278176,0.129481925,0.003534760
1.376769037,J2,2.148681783,0.483190745,-1.032083158
1.376769037,J3,-0.077829437,0.418748242,0.246319771
1.386780342,J1,0.511531204,0.125302751,0.003351026
1.386780342,J2,2.153381380,0.469959678,-1.037701750
1.386780342,J3,-0.073721578,0.410785895,0.246286795
1.396773698,J1,0.512746334,0.121513059,0.003189630
1.396773698,J2,2.157961852,0.458047263,-1.043160309
1.396773698,J3,-0.069684492,0.403708633,0.246252906
1.406778508,J1,0.514013916,0.126758138,0.003538682
1.406778508,J2,2.162785830,0.482397774,-1.048666172
1.406778508,J3,-0.065368409,0.431608301,0.245996036
1.416768720,J1,0.515241299,0.122738383,0.003355399
1.416768720,J2,2.167478134,0.469230435,-1.054250027
1.416768720,J3,-0.061141235,0.422717350,0.245987648
1.426712626,J1,0.516432226,0.119092687,0.003194390
1.426712626,J2,2.172051903,0.457376883,-1.059673566
1.426712626,J3,-0.056993178,0.414805697,0.245976668
1.436722884,J1,0.517675791,0.124356458,0.003545608
1.436722884,J2,2.176869612,0.481770886,-1.065140145
1.436722884,J3,-0.052570005,0.442317315,0.245742159
1.446733421,J1,0.518880450,0.120465963,0.003362373
1.446733421,J2,2.181556180,0.468656775,-1.070685584
1.446733421,J3,-0.048242821,0.432718414,0.245754414
1.456786283,J1,0.520049822,0.116937105,0.003201408
1.456786283,J2,2.186124707,0.456852690,-1.076070814
1.456786283,J3,-0.044001110,0.424171054,0.245762781
1.466795842,J1,0.521271793,0.122197132,0.003554619
1.466795842,J2,2.190937587,0.481288046,-1.081495259
1.466795842,J3,-0.039486316,0.451479381,0.245547334
1.476758816,J1,0.522455929,0.118413665,0.003371154
1.476758816,J2,2.195619778,0.468219080,-1.086999629
1.476758816,J3,-0.035072985,0.441333168,0.245577343
1.486709496,J1,0.523689571,0.123364157,0.003717278
1.486709496,J2,2.200534957,0.491517947,-1.092520861
1.486709496,J3,-0.030398152,0.467483306,0.245377208
1.496738333,J1,0.524883407,0.119383597,0.003514620
1.496738333,J2,2.205309237,0.477427917,-1.098113845
1.496738333,J3,-0.025837977,0.456017519,0.245426622
1.506766540,J1,0.526041152,0.115774538,0.003336842
1.506766540,J2,2.209956720,0.464748365,-1.103534677
1.506766540,J3,-0.021380049,0.445792743,0.245469428
1.516748720,J1,0.527248917,0.120776498,0.003687109
1.516748720,J2,2.214840782,0.488406131,-1.108974453
1.516748720,J3,-0.016657525,0.472252419,0.245283780
1.526735930,J1,0.528418409,0.116949199,0.003488984
1.526735930,J2,2.219587139,0.474635739,-1.114489827
1.526735930,J3,-0.012050625,0.460690022,0.245345565
1.536764067,J1,0.529553195,0.113478549,0.003315141
1.536764067,J2,2.224209595,0.462245576,-1.119837274
1.536764067,J3,-0.007546824,0.450380036,0.245400344
1.546786059,J1,0.530738209,0.118501462,0.003668836
1.546786059,J2,2.229071386,0.486179168,-1.125204418
1.546786059,J3,-0.002775320,0.477150398,0.245227986
1.556726892,J1,0.531886190,0.114798044,0.003473784
1.556726892,J2,2.233797855,0.472646878,-1.130650371
1.556726892,J3,0.001879536,0.465485636,0.245301494
1.566764738,J1,0.533081540,0.119534964,0.003820713
1.566764738,J2,2.238753543,0.495568800,-1.136096187
1.566764738,J3,0.006792858,0.491332195,0.245142217
1.576758303,J1,0.534238056,0.115651691,0.003607644
1.576758303,J2,2.243564681,0.481113814,-1.141613989
1.576758303,J3,0.011578306,0.478544794,0.245232719
1.586760947,J1,0.535359371,0.112131470,0.003420895
1.586760947,J2,2.248245788,0.468110668,-1.146956594
1.586760947,J3,0.016249662,0.467135635,0.245314405
1.596708625,J1,0.536528700,0.116932845,0.003773014
1.596708625,J2,2.253161158,0.491536969,-1.152303768
1.596708625,J3,0.021185795,0.493613251,0.245165927
1.606738439,J1,0.537660793,0.113209357,0.003566674
1.606738439,J2,2.257936291,0.477513349,-1.157727960
1.606738439,J3,0.025995783,0.480998824,0.245265040
1.616710003,J1,0.538759127,0.109833390,0.003385755
1.616710003,J2,2.262585294,0.464900326,-1.162982864
1.616710003,J3,0.030693257,0.469747419,0.245355350
1.626725219,J1,0.539905787,0.114665942,0.003742067
1.626725219,J2,2.267472430,0.488713561,-1.168244984
1.626725219,J3,0.035661023,0.496776538,0.245217452
1.636860708,J1,0.541016491,0.111070489,0.003540399
1.636860708,J2,2.272222511,0.475008143,-1.173588179
1.636860708,J3,0.040503576,0.484255375,0.245325563
1.646747411,J1,0.542094593,0.107810189,0.003363535
1.646747411,J2,2.276849346,0.462683465,-1.178766655
1.646747411,J3,0.045234478,0.473090122,0.245424804
1.656739370,J1,0.543221093,0.112649923,0.003723356
1.656739370,J2,2.281717346,0.486800004,-1.183953502
1.656739370,J3,0.050240631,0.500615372,0.245297299
1.666729582,J1,0.544312684,0.109159147,0.003524876
1.666729582,J2,2.286450644,0.473329773,-1.189224786
1.666729582,J3,0.055121921,0.488128993,0.245414680
1.676739351,J1,0.545449883,0.113719876,0.003877850
1.676739351,J2,2.291415180,0.496453576,-1.194485128
1.676739351,J3,0.060269776,0.514785483,0.245299577
1.686769584,J1,0.546550388,0.110050525,0.003661026
1.686769584,J2,2.296235742,0.482056280,-1.199823571
1.686769584,J3,0.065281800,0.501202403,0.245433487
1.696762520,J1,0.547617633,0.106724459,0.003471089
1.696762520,J2,2.300926868,0.469112537,-1.204990690
1.696762520,J3,0.070172657,0.489085657,0.245556999
1.706853588,J1,0.548731027,0.111339445,0.003829448
1.706853588,J2,2.305854555,0.492768685,-1.210151721
1.706853588,J3,0.075337764,0.516510737,0.245450687
1.716721713,J1,0.549809169,0.107814152,0.003619557
1.716721713,J2,2.310642539,0.478798425,-1.215395865
1.716721713,J3,0.080369675,0.503191135,0.245591567
1.726694394,J1,0.550855350,0.104618148,0.003435627
1.726694394,J2,2.315304951,0.466241203,-1.220474660
1.726694394,J3,0.085282817,0.491314155,0.245722223
1.736697877,J1,0.551947928,0.109257840,0.003798392
1.736697877,J2,2.320208077,0.490312605,-1.225550106
1.736697877,J3,0.090476834,0.519401749,0.245624984
1.746906212,J1,0.553006412,0.105848351,0.003593321
1.746906212,J2,2.324974631,0.476655387,-1.230712708
1.746906212,J3,0.095539233,0.506239856,0.245773682
1.756734107,J1,0.554033982,0.102756973,0.003413575
1.756734107,J2,2.329618453,0.464382180,-1.235714569
1.756734107,J3,0.100484309,0.494507626,0.245912205
1.766750441,J1,0.555107982,0.107400070,0.003780087
1.766750441,J2,2.334506311,0.488785842,-1.240714292
1.766750441,J3,0.105716147,0.523183733,0.245824218
1.776718443,J1,0.556148838,0.104085596,0.003578308
1.776718443,J2,2.339259891,0.475357994,-1.245804522
1.776718443,J3,0.110817166,0.510101973,0.245981347
1.786744556,J1,0.557233447,0.108460864,0.003938015
1.786744556,J2,2.344247754,0.498786282,-1.250873642
1.786744556,J3,0.116196318,0.537915194,0.245905993
1.796778910,J1,0.558283180,0.104973264,0.003717544
1.796778910,J2,2.349091976,0.484422233,-1.256027337
1.796778910,J3,0.121433439,0.523712054,0.246080048
1.806753407,J1,0.559301302,0.101812268,0.003524528
1.806753407,J2,2.353807147,0.471517108,-1.261014017
1.806753407,J3,0.126543919,0.511048076,0.246242439
1.816770160,J1,0.560363678,0.106237613,0.003889968
1.816770160,J2,2.358762244,0.495509689,-1.265984375
1.816770160,J3,0.131941095,0.539717560,0.246174907
1.826778253,J1,0.561392521,0.102884282,0.003676600
1.826778253,J2,2.363577916,0.481567197,-1.271044212
1.826778253,J3,0.137199241,0.525814546,0.246355256
1.836747163,J1,0.562390966,0.099844506,0.003489736
1.836747163,J2,2.368268357,0.469044042,-1.275942937
1.836747163,J3,0.142333481,0.513424038,0.246524182
1.846795416,J1,0.563433890,0.104292398,0.003859953
1.846795416,J2,2.373203203,0.493484687,-1.280828015
1.846795416,J3,0.147761817,0.542833652,0.246464978
1.856863854,J1,0.564444361,0.101047034,0.003651510
1.856863854,J2,2.378001694,0.479849047,-1.285806535
1.856863854,J3,0.153052949,0.529113150,0.246652684
1.866749929,J1,0.565425409,0.098104797,0.003468922
1.866749929,J2,2.382677741,0.467604750,-1.290628493
1.866749929,J3,0.158221854,0.516890485,0.246829063
1.876708083,J1,0.566450963,0.102555392,0.003843287
1.876708083,J2,2.387601857,0.492411606,-1.295437946
1.876708083,J3,0.163691452,0.546959849,0.246778528
1.886731331,J1,0.567444949,0.099398641,0.003638191
1.886731331,J2,2.392391843,0.478998580,-1.300344137
1.886731331,J3,0.169024808,0.533335539,0.246974364
1.896772879,J1,0.568480882,0.103593304,0.004005918
1.896772879,J2,2.397420318,0.502847520,-1.305219111
1.896772879,J3,0.174650159,0.562535176,0.246936998
1.906883852,J1,0.569483581,0.100269891,0.003781716
1.906883852,J2,2.402305167,0.488484895,-1.310185281
1.906883852,J3,0.180127611,0.547745186,0.247150484
1.916733119,J1,0.570456161,0.097258040,0.003585561
1.916733119,J2,2.407061081,0.475591343,-1.314988831
1.916733119,J3,0.185473280,0.534566852,0.247351109
1.926753993,J1,0.571471167,0.101500524,0.003959547
1.926753993,J2,2.412061516,0.500043541,-1.319765800
1.926753993,J3,0.191120327,0.564704720,0.247320927
1.936748466,J1,0.572454204,0.098303796,0.003742565
1.936748466,J2,2.416922487,0.486097122,-1.324638740
1.936748466,J3,0.196622675,0.550234769,0.247540366
1.946757257,J1,0.573408268,0.095406311,0.003552666
1.946757257,J2,2.421658300,0.473581234,-1.329354852
1.946757257,J3,0.201996162,0.537348774,0.247747223
1.956859848,J1,0.574404973,0.099670518,0.003931983
1.956859848,J2,2.426643516,0.498521617,-1.334046914
1.956859848,J3,0.207679205,0.568304253,0.247724870
1.966761289,J1,0.575370729,0.096575582,0.003719976
1.966761289,J2,2.431492274,0.484875760,-1.338838824
1.966761289,J3,0.213219495,0.554029006,0.247951468
1.976697093,J1,0.576376749,0.100602070,0.004093108
1.976697093,J2,2.436581464,0.508919032,-1.343588860
1.976697093,J3,0.219061119,0.584162373,0.247942549
1.986776496,J1,0.577350289,0.097353962,0.003862337
1.986776496,J2,2.441524998,0.494353362,-1.348433787
1.986776496,J3,0.224748415,0.568729653,0.248187037
1.996753857,J1,0.578294397,0.094410826,0.003660587
1.996753857,J2,2.446337857,0.481285945,-1.353117357
1.996753857,J3,0.230298270,0.554985446,0.248417523
2.006849953,J1,0.579279348,0.098495080,0.004040999
2.006849953,J2,2.451398074,0.506021752,-1.357764409
2.006849953,J3,0.236160122,0.586185238,0.248415061
2.016703621,J1,0.580233136,0.095378813,0.003818502
2.016703621,J2,2.456317253,0.491917846,-1.362511401
2.016703621,J3,0.241871511,0.571138895,0.248664808
2.026725403,J1,0.581158683,0.092554662,0.003623917
2.026725403,J2,2.461109949,0.479269588,-1.367103282
2.026725403,J3,0.247448987,0.557747637,0.248900927
2.036749909,J1,0.582125367,0.096668453,0.004010562
2.036749909,J2,2.466155641,0.504569171,-1.371661657
2.036749909,J3,0.253347737,0.589874958,0.248905753
2.046803679,J1,0.583061940,0.093657294,0.003793758
2.046803679,J2,2.471063612,0.490797161,-1.376324051
2.046803679,J3,0.259098434,0.575069711,0.249162216
2.056739623,J1,0.583971221,0.090928063,0.003604114
2.056739623,J2,2.475848126,0.478451395,-1.380836109
2.056739623,J3,0.264717444,0.561901035,0.249405238
2.066791228,J1,0.584921731,0.095051007,0.003996349
2.066791228,J2,2.480890378,0.504225224,-1.385315974
2.066791228,J3,0.270666060,0.594861539,0.249417929
2.076811194,J1,0.585842984,0.092125316,0.003783365
2.076811194,J2,2.485797276,0.490689729,-1.389903253
2.076811194,J3,0.276467967,0.580190706,0.249682180
2.086773190,J1,0.586803135,0.096015062,0.004169695
2.086773190,J2,2.490952826,0.515555038,-1.394440163
2.086773190,J3,0.282590867,0.612290049,0.249709167
2.096786381,J1,0.587732500,0.092936579,0.003936842
2.096786381,J2,2.495963315,0.501048892,-1.399079734
2.096786381,J3,0.288554541,0.596367317,0.249992593
2.106840291,J1,0.588633974,0.090147304,0.003733409
2.106840291,J2,2.500843811,0.488049603,-1.403563613
2.106840291,J3,0.294376578,0.582203742,0.250260946
2.116764850,J1,0.589574831,0.094085720,0.004127647
2.116764850,J2,2.505980101,0.513628966,-1.408001608
2.116764850,J3,0.300530948,0.615437029,0.250294138
2.126720280,J1,0.590486091,0.091126064,0.003902414
2.126720280,J2,2.510975571,0.499547035,-1.412546962
2.126720280,J3,0.306529721,0.599877264,0.250583088
2.136710213,J1,0.591370532,0.088444036,0.003705587
2.136710213,J2,2.515844911,0.486934027,-1.416942350
2.136710213,J3,0.312390193,0.586047223,0.250857319
2.146754136,J1,0.592294592,0.092406076,0.004106859
2.146754136,J2,2.520976020,0.513110895,-1.421294173
2.146754136,J3,0.318593057,0.620286356,0.250897591
2.156878099,J1,0.593190007,0.089541482,0.003886776
2.156878099,J2,2.525969328,0.499330778,-1.425757203
2.156878099,J3,0.324642533,0.604947599,0.251193554
2.166712210,J1,0.594059460,0.086945307,0.003694431
2.166712210,J2,2.530839270,0.486994197,-1.430074656
2.166712210,J3,0.330555772,0.591323885,0.251474962
2.176731129,J1,0.594968589,0.090912893,0.004102248
2.176731129,J2,2.535976164,0.513689366,-1.434349281
2.176731129,J3,0.336820621,0.626484924,0.251522932
2.186780290,J1,0.595849848,0.088125894,0.003885515
2.186780290,J2,2.540977375,0.500121089,-1.438738371
2.186780290,J3,0.342933249,0.611262828,0.251827015
2.196750527,J1,0.596768535,0.091868707,0.004288063
2.196750527,J2,2.546236611,0.525923623,-1.443066385
2.196750527,J3,0.349388840,0.645559055,0.251890117
2.206803180,J1,0.597657866,0.088933092,0.004050495
2.206803180,J2,2.551350090,0.511347953,-1.447504500
2.206803180,J3,0.355678875,0.629003530,0.252214643
2.216712513,J1,0.598520601,0.086273503,0.003843141
2.216712513,J2,2.556333136,0.498304611,-1.451791511
2.216712513,J3,0.361821867,0.614299227,0.252522838
2.226752873,J1,0.599421214,0.090061270,0.004254870
2.226752873,J2,2.561582007,0.524887036,-1.456021401
2.226752873,J3,0.368320442,0.649857450,0.252591770
2.236743924,J1,0.600293581,0.087236679,0.004024681
2.236743924,J2,2.566689234,0.510722682,-1.460365958
2.236743924,J3,0.374657126,0.633668439,0.252921953
2.246755648,J1,0.601140354,0.084677292,0.003823735
2.246755648,J2,2.571669787,0.498055358,-1.464564878
2.246755648,J3,0.380850159,0.619303277,0.253236168
2.256910553,J1,0.602025220,0.088486636,0.004243912
2.256910553,J2,2.576922864,0.525307641,-1.468708512
2.256910553,J3,0.387410169,0.656000997,0.253311904
2.266777211,J1,0.602882729,0.085750901,0.004018597
2.266777211,J2,2.582037193,0.511432899,-1.472970604
2.266777211,J3,0.393810492,0.640032315,0.253649356
2.276744724,J1,0.603715447,0.083271760,0.003821906
2.276744724,J2,2.587027518,0.499032526,-1.477091243
2.276744724,J3,0.400069248,0.625875558,0.253971005
2.286739547,J1,0.604586305,0.087085809,0.004250204
2.286739547,J2,2.592296342,0.526882439,-1.481156870
2.286739547,J3,0.406705616,0.663636855,0.254054235
2.296763564,J1,0.605430531,0.084422639,0.004027927
2.296763564,J2,2.597428421,0.513207854,-1.485344216
2.296763564,J3,0.413183427,0.647781066,0.254400169
2.306742601,J1,0.606310742,0.088021126,0.004451992
2.306742601,J2,2.602830394,0.540197334,-1.489458228
2.306742601,J3,0.420030426,0.684699962,0.254499431
2.316733163,J1,0.607162887,0.085214486,0.004207757
2.316733163,J2,2.608085172,0.525477835,-1.493690078
2.316733163,J3,0.426704676,0.667424977,0.254867249
2.326790076,J1,0.607989909,0.082702145,0.004002080
2.326790076,J2,2.613213543,0.512837072,-1.497776146
2.326790076,J3,0.433233675,0.652899832,0.255214676
2.336758777,J1,0.608853323,0.086341463,0.004437256
2.336758777,J2,2.618620339,0.540679582,-1.501795094
2.336758777,J3,0.440145913,0.691223889,0.255319909
2.346767148,J1,0.609689699,0.083637578,0.004199526
2.346767148,J2,2.623883656,0.526331707,-1.505936303
2.346767148,J3,0.446888658,0.674274480,0.255694394
2.356704559,J1,0.610501577,0.081187838,0.003992297
2.356704559,J2,2.629018917,0.513526109,-1.509935454
2.356704559,J3,0.453481345,0.659268642,0.256051455
2.366759098,J1,0.611350064,0.084848616,0.004438219
2.366759098,J2,2.634440513,0.542159583,-1.513865568
2.366759098,J3,0.460470793,0.698944836,0.256163085
2.376842133,J1,0.612172358,0.082229426,0.004205299
2.376842133,J2,2.639721578,0.528106493,-1.517921850
2.376842133,J3,0.467293183,0.682238992,0.256545076
2.386733795,J1,0.612970920,0.079856167,0.004002292
2.386733795,J2,2.644877327,0.515574918,-1.521840193
2.386733795,J3,0.473967850,0.667466749,0.256909833
2.396777019,J1,0.613806142,0.083522202,0.004458857
2.396777019,J2,2.650326662,0.544933487,-1.525689334
2.396777019,J3,0.481052129,0.708427842,0.257028684
2.406746209,J1,0.614615862,0.080972075,0.004228775
2.406746209,J2,2.655637481,0.531081912,-1.529668059
2.406746209,J3,0.487970620,0.691849121,0.257419599
2.416743615,J1,0.615460181,0.084431901,0.004682811
2.416743615,J2,2.661233853,0.559637169,-1.533559104
2.416743615,J3,0.495290954,0.732033353,0.257555453
2.426740812,J1,0.616277619,0.081743773,0.004429354
2.426740812,J2,2.666680856,0.544700279,-1.537576459
2.426740812,J3,0.502430390,0.713943695,0.257969969
2.436696102,J1,0.617070708,0.079308903,0.004208797
2.436696102,J2,2.671994762,0.531390691,-1.541450474
2.436696102,J3,0.509409940,0.697954996,0.258365188
2.446746032,J1,0.617898814,0.082810606,0.004677146
2.446746032,J2,2.677604606,0.560984394,-1.545239643
2.446746032,J3,0.516808594,0.739865316,0.258506054
2.456811745,J1,0.618701042,0.080222752,0.004430845
2.456811745,J2,2.683069246,0.546463994,-1.549159780
2.456811745,J3,0.524030479,0.722188504,0.258926846
2.466762496,J1,0.619479825,0.077878369,0.004216558
2.466762496,J2,2.688404653,0.533540667,-1.552941708
2.466762496,J3,0.531096384,0.706590518,0.259328748
2.476756690,J1,0.620293832,0.081400614,0.004699032
2.476756690,J2,2.694045454,0.564080130,-1.556639418
2.476756690,J3,0.538597657,0.750127293,0.259475879
2.486732933,J1,0.621082760,0.078892860,0.004457112
2.486732933,J2,2.699543944,0.549848926,-1.560472112
2.486732933,J3,0.545924659,0.732700231,0.259904993
2.496758976,J1,0.621904990,0.082223014,0.004939198
2.496758976,J2,2.705340887,0.579694299,-1.564202454
2.496758976,J3,0.553680709,0.775605002,0.260069605
2.506769094,J1,0.622700870,0.079587962,0.004673303
2.506769094,J2,2.710984739,0.564385235,-1.568065214
2.506769094,J3,0.561247162,0.756645310,0.260523358
2.516760284,J1,0.623472885,0.077201511,0.004442352
2.516760284,J2,2.716492492,0.550775340,-1.571785534
2.516760284,J3,0.568646482,0.739931945,0.260956233
2.526728705,J1,0.624278701,0.080581569,0.004942702
2.526728705,J2,2.722311240,0.581874815,-1.575406448
2.526728705,J3,0.576495657,0.784917528,0.261125083
2.536729464,J1,0.625059215,0.078051390,0.004684962
2.536729464,J2,2.727981675,0.567043480,-1.579164835
2.536729464,J3,0.584160323,0.766466572,0.261584953
2.546752783,J1,0.625816810,0.075759553,0.004461190
2.546752783,J2,2.733520466,0.553879083,-1.582786222
2.546752783,J3,0.591662697,0.750237457,0.262024462
2.556767161,J1,0.626608474,0.079166398,0.004979905
2.556767161,J2,2.739381860,0.586139383,-1.586308641
2.556767161,J3,0.599634775,0.797207783,0.262199070
2.566772600,J1,0.627375668,0.076719368,0.004727085
2.566772600,J2,2.745098285,0.571642485,-1.589972934
2.566772600,J3,0.607425560,0.779078503,0.262667544
2.576734595,J1,0.628120694,0.074502589,0.004507736
2.576734595,J2,2.750686251,0.558796663,-1.593504266
2.576734595,J3,0.615057249,0.763168857,0.263115898
2.586751139,J1,0.628899889,0.077919506,0.005045622
2.586751139,J2,2.756608023,0.592177200,-1.596935154
2.586751139,J3,0.623178261,0.812101282,0.263297360
2.596731573,J1,0.629655286,0.075539684,0.004795324
2.596731573,J2,2.762387136,0.577911261,-1.600511914
2.596731573,J3,0.631119855,0.794159366,0.263776404
2.606746231,J1,0.630442959,0.078767322,0.005336907
2.606746231,J2,2.768494070,0.610693372,-1.603968822
2.606746231,J3,0.639545975,0.842612016,0.263976961
2.616733231,J1,0.631205561,0.076260175,0.005059505
2.616733231,J2,2.774446635,0.595256575,-1.607569727
2.616733231,J3,0.647775677,0.822970183,0.264483908
2.626744187,J1,0.631945457,0.073989670,0.004819372
2.626744187,J2,2.780262653,0.581601793,-1.611032333
2.626744187,J3,0.655833302,0.805762495,0.264968323
2.636755213,J1,0.632718054,0.077259717,0.005386359
2.636755213,J2,2.786421882,0.615922822,-1.614376081
2.636755213,J3,0.664401470,0.856816772,0.265173196
2.646781326,J1,0.633466528,0.074847353,0.005116084
2.646781326,J2,2.792431418,0.600953673,-1.617869052
2.646781326,J3,0.672778453,0.837698287,0.265688175
2.656724254,J1,0.634193152,0.072662362,0.004882388
2.656724254,J2,2.798308872,0.587745400,-1.621228498
2.656724254,J3,0.680988509,0.821005647,0.266181078
2.666765103,J1,0.634952694,0.075954229,0.005476261
2.666765103,J2,2.804544526,0.623565339,-1.624467534
2.666765103,J3,0.689735013,0.874650351,0.266391834
2.676758947,J1,0.635688867,0.073617268,0.005209892
2.676758947,J2,2.810633837,0.608931109,-1.627860550
2.676758947,J3,0.698293804,0.855879093,0.266917619
2.686758379,J1,0.636403870,0.071500345,0.004979926
2.686758379,J2,2.816594378,0.596054132,-1.631123486
2.686758379,J3,0.706689308,0.839550408,0.267421504
2.696760326,J1,0.637151861,0.074799144,0.005603190
2.696760326,J2,2.822928336,0.633395814,-1.634262418
2.696760326,J3,0.715647984,0.895867673,0.267639273
2.706773587,J1,0.637877095,0.072523360,0.005338333
2.706773587,J2,2.829118384,0.619004762,-1.637559855
2.706773587,J3,0.724421227,0.877324310,0.268178167
2.716737258,J1,0.638633485,0.075638959,0.005973668
2.716737258,J2,2.835678365,0.655998145,-1.640712174
2.716737258,J3,0.733756968,0.933574098,0.268416701
2.726724957,J1,0.639365874,0.073238965,0.005677935
2.726724957,J2,2.842082002,0.640363670,-1.644022267
2.726724957,J3,0.742888869,0.913190089,0.268987729
2.736726274,J1,0.640076531,0.071065659,0.005423514
2.736726274,J2,2.848348526,0.626652359,-1.647196141
2.736726274,J3,0.751844107,0.895523745,0.269534039
2.746758812,J1,0.640818736,0.074220529,0.006098822
2.746758812,J2,2.855006143,0.665761758,-1.650223342
2.746758812,J3,0.761398037,0.955393013,0.269776607
2.756684000,J1,0.641537830,0.071909417,0.005809988
2.756684000,J2,2.861512736,0.650659237,-1.653414245
2.756684000,J3,0.770754681,0.935664369,0.270358378
2.766731554,J1,0.642235993,0.069816294,0.005562184
2.766731554,J2,2.867887485,0.637474912,-1.656473060
2.766731554,J3,0.779941394,0.918671352,0.270915869
2.776721348,J1,0.642965904,0.072991120,0.006282233
2.776721348,J2,2.874675181,0.678769595,-1.659380668
2.776721348,J3,0.789764743,0.982334904,0.271164146
2.786743200,J1,0.643673412,0.070750736,0.005996998
2.786743200,J2,2.881316007,0.664082612,-1.662457660
2.786743200,J3,0.799395840,0.963109653,0.271760154
2.796758835,J1,0.644360626,0.068721451,0.005753170
2.796758835,J2,2.887829319,0.651331189,-1.665405279
2.796758835,J3,0.808862558,0.946671831,0.272332004
2.806774611,J1,0.645079649,0.071902239,0.006524883
2.806774611,J2,2.894779123,0.694980459,-1.668194533
2.806774611,J3,0.819007196,1.014463850,0.272587147
2.816785148,J1,0.645776841,0.069719247,0.006240943
2.816785148,J2,2.901585568,0.680644502,-1.671158875
2.816785148,J3,0.828963866,0.995666939,0.273200496
2.826827185,J1,0.646504076,0.072723527,0.007044461
2.826827185,J2,2.908831025,0.724545656,-1.673940337
2.826827185,J3,0.839607985,1.064411929,0.273478194
2.836825918,J1,0.647208279,0.070420228,0.006724794
2.836825918,J2,2.915920407,0.708938183,-1.676898026
2.836825918,J3,0.850045071,1.043708630,0.274130322
2.846799927,J1,0.647891625,0.068334614,0.006453536
2.846799927,J2,2.922875397,0.695499027,-1.679718633
2.846799927,J3,0.860306920,1.026184870,0.274754939
2.856746696,J1,0.648605387,0.071376186,0.007331797
2.856746696,J2,2.930303245,0.742784758,-1.682349812
2.856746696,J3,0.871314603,1.100768235,0.275035717
2.866789222,J1,0.649296959,0.069157264,0.007020799
2.866789222,J2,2.937582680,0.727943525,-1.685164750
2.866789222,J3,0.882126042,1.081143967,0.275703814
2.876804369,J1,0.649968437,0.067147735,0.006758988
2.876804369,J2,2.944735749,0.715306887,-1.687845444
2.876804369,J3,0.892773918,1.064787563,0.276344816
2.886742897,J1,0.650670761,0.070232464,0.007745082
2.886742897,J2,2.952408430,0.767268101,-1.690325104
2.886742897,J3,0.904248541,1.147462345,0.276625457
2.896767263,J1,0.651351559,0.068079811,0.007439842
2.896767263,J2,2.959939930,0.753149986,-1.693000236
2.896767263,J3,0.915537457,1.128891571,0.277315805
2.906742808,J1,0.652061323,0.070976357,0.008480656
2.906742808,J2,2.967997300,0.805737010,-1.695445057
2.906742808,J3,0.927669248,1.213179071,0.277624131
2.916761517,J1,0.652748451,0.068712755,0.008138328
2.916761517,J2,2.975902848,0.790554794,-1.698085574
2.916761517,J3,0.939599578,1.193033040,0.278360674
2.926770448,J1,0.653415085,0.066663413,0.007855554
2.926770448,J2,2.983682083,0.777923564,-1.700582203
2.926770448,J3,0.951367078,1.176749988,0.279066454
2.936818212,J1,0.654111133,0.069604798,0.009042386
2.936818212,J2,2.992045354,0.836327092,-1.702834284
2.936818212,J3,0.964078017,1.271093907,0.279373890
2.946781395,J1,0.654785435,0.067430184,0.008719787
2.946781395,J2,3.000271418,0.822606419,-1.705292698
2.946781395,J3,0.976610291,1.253227415,0.280133146
2.956701623,J1,0.655440045,0.065461080,0.008460086
2.956701623,J2,3.008387151,0.811573262,-1.707608016
2.956701623,J3,0.989005168,1.239487693,0.280862212
2.966769293,J1,0.656124316,0.068427074,0.009843105
2.966769293,J2,3.017159054,0.877190309,-1.709656177
2.966769293,J3,1.002468911,1.346374320,0.281168810
2.976722628,J1,0.656787542,0.066322609,0.009544784
2.976722628,J2,3.025811384,0.865232967,-1.711922600
2.976722628,J3,1.015782541,1.331362954,0.281959255
2.986742035,J1,0.657431710,0.064416747,0.009316164
2.986742035,J2,3.034373588,0.856220425,-1.714043301
2.986742035,J3,1.028992013,1.320947208,0.282719596
2.996711923,J1,0.658105633,0.067392385,0.010980924
2.996711923,J2,3.043688289,0.931470059,-1.715863240
2.996711923,J3,1.043438273,1.444626009,0.283022333
3.006753820,J1,0.658759074,0.065344060,0.010723192
3.006753820,J2,3.052908706,0.922041757,-1.717915765
3.006753820,J3,1.057776661,1.433838797,0.283853374
3.016703732,J1,0.659440633,0.068155870,0.012686678
3.016703732,J2,3.062958293,1.004958711,-1.719611351
3.016703732,J3,1.073489939,1.571327784,0.284169725
3.026755687,J1,0.660100587,0.065995458,0.012428642
3.026755687,J2,3.072922622,0.996432875,-1.721552548
3.026755687,J3,1.089113737,1.562379843,0.285072982
3.036822030,J1,0.660740977,0.064038977,0.012279915
3.036822030,J2,3.082844317,0.992169522,-1.723320607
3.036822030,J3,1.104716840,1.560310261,0.285940663
3.046724239,J1,0.661410073,0.066909626,0.014968292
3.046724239,J2,3.093820198,1.097588060,-1.724661108
3.046724239,J3,1.122085641,1.736880149,0.286210970
3.056759500,J1,0.662058376,0.064830258,0.014902860
3.056759500,J2,3.104791617,1.097141912,-1.726277605
3.056759500,J3,1.139503101,1.741745983,0.287166954
3.066774368,J1,0.662687848,0.062947235,0.015008846
3.066774368,J2,3.115821257,1.102964004,-1.727699109
3.066774368,J3,1.157073108,1.757000694,0.288085969
3.076728401,J1,0.663346017,0.065816860,0.019147283
3.076728401,J2,3.128302343,1.248108557,-1.728559837
3.076728401,J3,1.177100011,2.002690269,0.288257726
3.086836231,J1,0.663983999,0.063798245,0.019680907
3.086836231,J2,3.140978794,1.267645143,-1.729729537
3.086836231,J3,1.197521053,2.042104250,0.289273172
3.096752060,J1,0.664603663,0.061966338,0.020667906
3.096752060,J2,3.153991615,1.301282072,-1.730640795
3.096752060,J3,1.218576449,2.105539521,0.290236310
3.106720621,J1,0.665252251,0.064858810,0.030659288
3.106720621,J2,3.169864379,1.587276422,-1.730524074
3.106720621,J3,1.244537267,2.596081875,0.289819320
3.116727735,J1,0.665881231,0.062898022,0.037841366
3.116727735,J2,3.187525181,1.766080177,-1.730572068
3.116727735,J3,1.273657850,2.912058257,0.290334963
3.126736736,J1,0.666514395,0.063316441,0.047303508
3.126736736,J2,3.207570287,2.004510622,-1.728212697
3.126736736,J3,1.303657850,3.000000000,0.290365020
3.136728136,J1,0.667114500,0.060010493,0.039417111
3.136728136,J2,3.225671076,1.810078862,-1.730082649
3.136728136,J3,1.333657850,3.000000000,0.293634289
3.146696208,J1,0.667684774,0.057027397,0.032041875
3.146696208,J2,3.242021811,1.635073574,-1.729954519
3.146696208,J3,1.360865002,2.720715205,0.296260279
3.156697944,J1,0.668258149,0.057337455,0.026159174
3.156697944,J2,3.256857027,1.483521595,-1.729196971
3.156697944,J3,1.385351437,2.448643556,0.298310834
3.166771411,J1,0.668804135,0.054598611,0.021230731
3.166771411,J2,3.270268252,1.341122511,-1.728154380
3.166771411,J3,1.407389232,2.203779405,0.299972091
3.176780831,J1,0.669325395,0.052126025,0.017241598
3.176780831,J2,3.282397719,1.212946700,-1.726884782
3.176780831,J3,1.427223245,1.983401315,0.301307081
3.186719428,J1,0.669854047,0.052865209,0.014119675
3.186719428,J2,3.293432480,1.103476111,-1.725434426
3.186719428,J3,1.445073858,1.785061302,0.302370328
3.196686522,J1,0.670359480,0.050543256,0.011480341
3.196686522,J2,3.303422640,0.999015970,-1.723932953
3.196686522,J3,1.461139407,1.606554933,0.303252238
3.206757405,J1,0.670843940,0.048445985,0.009342102
3.206757405,J2,3.312472500,0.904985972,-1.722399304
3.206757405,J3,1.475598404,1.445899740,0.303977381
3.216711717,J1,0.671338871,0.049493072,0.007682130
3.216711717,J2,3.320734319,0.826181915,-1.720837477
3.216711717,J3,1.488611502,1.301309759,0.304566098
3.226826392,J1,0.671813655,0.047478451,0.006261044
3.226826392,J2,3.328228189,0.749386995,-1.719317574
3.226826392,J3,1.500323290,1.171178836,0.305064156
3.236738868,J1,0.672299433,0.048577803,0.005165181
3.236738868,J2,3.335088658,0.686046887,-1.717814558
3.236738868,J3,1.510863898,1.054060735,0.305472128
3.246762606,J1,0.672765759,0.046632588,0.004217322
3.246762606,J2,3.341320836,0.623217862,-1.716377876
3.246762606,J3,1.520350446,0.948654778,0.305820444
3.256723973,J1,0.673214505,0.044874577,0.003447466
3.256723973,J2,3.346987395,0.566655871,-1.715005445
3.256723973,J3,1.528888338,0.853789234,0.306114728
3.266765800,J1,0.673676262,0.046175767,0.002861422
3.266765800,J2,3.352202024,0.521462857,-1.713675985
3.266765800,J3,1.536572440,0.768410234,0.306357139
3.276872722,J1,0.674120679,0.044441644,0.002344253
3.276872722,J2,3.356952319,0.475029531,-1.712422425
3.276872722,J3,1.543488133,0.691569311,0.306565523
3.286694121,J1,0.674549416,0.042873722,0.001923305
3.286694121,J2,3.361284559,0.433223986,-1.711239733
3.286694121,J3,1.549712258,0.622412441,0.306742543
3.296692715,J1,0.674992589,0.044317310,0.001608367
3.296692715,J2,3.365297058,0.401249951,-1.710102073
3.296692715,J3,1.555313969,0.560171144,0.306887125
3.306760804,J1,0.675419993,0.042740350,0.001323059
3.306760804,J2,3.368964819,0.366776076,-1.709035265
3.306760804,J3,1.560355509,0.504153999,0.307010966
3.316783773,J1,0.675861538,0.044154566,0.001112598
3.316783773,J2,3.372378368,0.341354926,-1.708009775
3.316783773,J3,1.564892895,0.453738628,0.307110222
3.326854795,J1,0.676287265,0.042572643,0.000917944
3.326854795,J2,3.375506617,0.312824857,-1.707049380
3.326854795,J3,1.568976543,0.408364776,0.307194304
3.336761264,J1,0.676698684,0.041141885,0.000758808
3.336761264,J2,3.378377943,0.287132637,-1.706148713
3.336761264,J3,1.572651826,0.367528259,0.307264234
3.346781650,J1,0.677125281,0.042659731,0.000644599
3.346781650,J2,3.381073492,0.269554828,-1.705280035
3.346781650,J3,1.575959581,0.330775484,0.307316970
3.356808530,J1,0.677537274,0.041199337,0.000534666
3.356808530,J2,3.383554936,0.248144483,-1.704465899
3.356808530,J3,1.578936558,0.297697753,0.307359862
3.366777929,J1,0.677936055,0.039878058,0.000444485
3.366777929,J2,3.385843541,0.228860433,-1.703701627
3.366777929,J3,1.581615839,0.267928069,0.307393584
3.376883734,J1,0.678350724,0.041466888,0.000382039
3.376883734,J2,3.388013447,0.216990588,-1.702959624
3.376883734,J3,1.584027192,0.241135268,0.307414645
3.386769250,J1,0.678751706,0.040098230,0.000318805
3.386769250,J2,3.390021222,0.200777567,-1.702262353
3.386769250,J3,1.586197410,0.217021869,0.307429266
3.396763863,J1,0.679140302,0.038859614,0.000266726
3.396763863,J2,3.391882933,0.186171070,-1.701605913
3.396763863,J3,1.588150607,0.195319650,0.307437905
3.406802617,J1,0.679545259,0.040495692,0.000232286
3.406802617,J2,3.393667459,0.178452640,-1.700963120
3.406802617,J3,1.589908483,0.175787605,0.307436819
3.416754764,J1,0.679937229,0.039197005,0.000195126
3.416754764,J2,3.395327809,0.166034982,-1.700356780
3.416754764,J3,1.591490572,0.158208938,0.307431577
3.426709356,J1,0.680344818,0.040758914,0.000171368
3.426709356,J2,3.396930242,0.160243241,-1.699759882
3.426709356,J3,1.592914453,0.142388055,0.307418144
3.436790436,J1,0.680738956,0.039413799,0.000144543
3.436790436,J2,3.398426273,0.149603155,-1.699195553
3.436790436,J3,1.594195944,0.128149133,0.307401810
3.446724703,J1,0.681120922,0.038196542,0.000122288
3.446724703,J2,3.399826402,0.140012892,-1.698660888
3.446724703,J3,1.595349287,0.115334314,0.307382787
3.456702972,J1,0.681518974,0.039805270,0.000108975
3.456702972,J2,3.401193491,0.136708844,-1.698129411
3.456702972,J3,1.596387295,0.103800822,0.307357086
3.466775112,J1,0.681904265,0.038529049,0.000092566
3.466775112,J2,3.402477144,0.128365355,-1.697624673
3.466775112,J3,1.597321503,0.093420759,0.307329705
3.476809885,J1,0.682278004,0.037373892,0.000078882
3.476809885,J2,3.403685565,0.120842119,-1.697144313
3.476809885,J3,1.598162290,0.084078710,0.307300772
3.486742197,J1,0.682668128,0.039012418,0.000071338
3.486742197,J2,3.404878989,0.119342326,-1.696662291
3.486742197,J3,1.598918998,0.075670745,0.307266226
3.496828794,J1,0.683046022,0.037789390,0.000061015
3.496828794,J2,3.406005783,0.112679402,-1.696202514
3.496828794,J3,1.599600034,0.068103697,0.307230875
3.506771303,J1,0.683412844,0.036682200,0.000052362
3.506771303,J2,3.407072471,0.106668858,-1.695763053
3.506771303,J3,1.600212968,0.061293326,0.307194781
3.516782539,J1,0.683796226,0.038338176,0.000048037
3.516782539,J2,3.408137224,0.106475261,-1.695318239
3.516782539,J3,1.600764607,0.055163954,0.307153838
3.526794752,J1,0.684167794,0.037156851,0.000041352
3.526794752,J2,3.409147661,0.101043763,-1.694892251
3.526794752,J3,1.601261083,0.049647579,0.307112720
3.536779307,J1,0.684555065,0.038727054,0.000038194
3.536779307,J2,3.410160966,0.101330449,-1.694459711
3.536779307,J3,1.601707912,0.044682919,0.307067269
3.546716089,J1,0.684929943,0.037487790,0.000032967
3.546716089,J2,3.411124690,0.096372423,-1.694044945
3.546716089,J3,1.602110057,0.040214516,0.307022097
3.556719572,J1,0.685293604,0.036366147,0.000028553
3.556719572,J2,3.412043657,0.091896726,-1.693646418
3.556719572,J3,1.602471988,0.036193067,0.306977175
3.566781375,J1,0.685673254,0.037964976,0.000026710
3.566781375,J2,3.412973555,0.092989724,-1.693238880
3.566781375,J3,1.602797726,0.032573798,0.306928334
3.576757200,J1,0.686041022,0.036776831,0.000023177
3.576757200,J2,3.413861674,0.088811975,-1.692846790
3.576757200,J3,1.603090891,0.029316453,0.306880106
3.586737634,J1,0.686398035,0.035701284,0.000020178
3.586737634,J2,3.414712061,0.085038634,-1.692468866
3.586737634,J3,1.603354739,0.026384811,0.306832441
3.596721281,J1,0.686771204,0.037316865,0.000019088
3.596721281,J2,3.415579167,0.086710647,-1.692080114
3.596721281,J3,1.603592202,0.023746365,0.306781159
3.606710516,J1,0.687132892,0.036168796,0.000016632
3.606710516,J2,3.416410244,0.083107651,-1.691705070
3.606710516,J3,1.603805919,0.021371679,0.306730736
3.616717910,J1,0.687484186,0.035129403,0.000014540
3.616717910,J2,3.417208761,0.079851712,-1.691342645
3.616717910,J3,1.603998262,0.019234316,0.306681102
3.626838312,J1,0.687851717,0.036753135,0.000013882
3.626838312,J2,3.418028131,0.081937059,-1.690968063
3.626838312,J3,1.604171370,0.017310753,0.306628076
3.636736819,J1,0.688208087,0.035637048,0.000012132
3.636736819,J2,3.418815725,0.078759392,-1.690605887
3.636736819,J3,1.604327171,0.015580153,0.306576086
3.646745750,J1,0.688579824,0.037173686,0.000011596
3.646745750,J2,3.419624484,0.080875832,-1.690231617
3.646745750,J3,1.604467388,0.014021673,0.306520951
3.656776332,J1,0.688939799,0.035997475,0.000010125
3.656776332,J2,3.420402138,0.077765412,-1.689869822
3.656776332,J3,1.604593586,0.012619793,0.306467071
3.666784774,J1,0.689289128,0.034932905,0.000008867
3.666784774,J2,3.421151667,0.074952942,-1.689519521
3.666784774,J3,1.604707163,0.011357660,0.306414341
3.676815496,J1,0.689654049,0.036492108,0.000008526
3.676815496,J2,3.421925145,0.077347787,-1.689156160
3.676815496,J3,1.604809384,0.010222090,0.306358570
3.686723782,J1,0.690007652,0.035360255,0.000007448
3.686723782,J2,3.422670535,0.074538964,-1.688804273
3.686723782,J3,1.604901382,0.009199885,0.306304124
3.696763653,J1,0.690351009,0.034335690,0.000006523
3.696763653,J2,3.423390519,0.071998392,-1.688463012
3.696763653,J3,1.604984182,0.008279928,0.306250896
3.706729421,J1,0.690660030,0.030902121,0.000005180
3.706729421,J2,3.424038504,0.064798553,-1.688154655
3.706729421,J3,1.605058701,0.007451935,0.306202819
3.716731716,J1,0.690938149,0.027811909,0.000004120
3.716731716,J2,3.424621691,0.058318697,-1.687876311
3.716731716,J3,1.605125768,0.006706741,0.306159420
3.726791354,J1,0.691188456,0.025030718,0.000003282
3.726791354,J2,3.425146559,0.052486828,-1.687625133
3.726791354,J3,1.605186129,0.006036067,0.306120255
3.736757959,J1,0.691413733,0.022527646,0.000002618
3.736757959,J2,3.425618941,0.047238145,-1.687398532
3.736757959,J3,1.605240454,0.005432461,0.306084921
3.746719396,J1,0.691616481,0.020274881,0.000002091
3.746719396,J2,3.426044084,0.042514330,-1.687194152
3.746719396,J3,1.605289346,0.004889215,0.306053051
3.756701367,J1,0.691798955,0.018247393,0.000001673
3.756701367,J2,3.426426713,0.038262897,-1.687009854
3.756701367,J3,1.605333349,0.004400293,0.306024312
3.766717701,J1,0.691963182,0.016422654,0.000001339
3.766717701,J2,3.426771079,0.034436608,-1.686843698
3.766717701,J3,1.605372951,0.003960264,0.305998401
3.776739972,J1,0.692110986,0.014780389,0.000001073
3.776739972,J2,3.427081009,0.030992947,-1.686693923
3.776739972,J3,1.605408594,0.003564237,0.305975045
3.786760078,J1,0.692244009,0.013302350,0.000000861
3.786760078,J2,3.427359945,0.027893652,-1.686558935
3.786760078,J3,1.605440672,0.003207814,0.305953994
3.796810007,J1,0.692363730,0.011972115,0.000000692
3.796810007,J2,3.427610988,0.025104287,-1.686437293
3.796810007,J3,1.605469542,0.002887032,0.305935024
3.806785343,J1,0.692471479,0.010774903,0.000000556
3.806785343,J2,3.427836927,0.022593858,-1.686327691
3.806785343,J3,1.605495526,0.002598329,0.305917931
3.816797626,J1,0.692568453,0.009697413,0.000000447
3.816797626,J2,3.428040271,0.020334472,-1.686228947
3.816797626,J3,1.605518911,0.002338496,0.305902532
3.826790492,J1,0.692655730,0.008727672,0.000000360
3.826790492,J2,3.428223282,0.018301025,-1.686139996
3.826790492,J3,1.605539957,0.002104647,0.305888660
3.836880512,J1,0.692734279,0.007854904,0.000000290
3.836880512,J2,3.428387991,0.016470923,-1.686059874
3.836880512,J3,1.605558899,0.001894182,0.305876164
3.846867232,J1,0.692804973,0.007069414,0.000000233
3.846867232,J2,3.428536229,0.014823830,-1.685987711
3.846867232,J3,1.605575946,0.001704764,0.305864910
3.856712239,J1,0.692868598,0.006362473,0.000000188
3.856712239,J2,3.428669644,0.013341447,-1.685922720
3.856712239,J3,1.605591289,0.001534287,0.305854774
3.866782214,J1,0.692925860,0.005726225,0.000000152
3.866782214,J2,3.428789717,0.012007303,-1.685864193
3.866782214,J3,1.605605098,0.001380859,0.305845646
3.876756572,J1,0.692977396,0.005153603,0.000000122
3.876756572,J2,3.428897782,0.010806572,-1.685811490
3.876756572,J3,1.605617526,0.001242773,0.305837427
3.886743571,J1,0.693023779,0.004638243,0.000000099
3.886743571,J2,3.428995042,0.009725915,-1.685764034
3.886743571,J3,1.605628711,0.001118495,0.305830026
3.896785049,J1,0.693065523,0.004174418,0.000000080
3.896785049,J2,3.429082575,0.008753324,-1.685721305
3.896785049,J3,1.605638777,0.001006646,0.305823362
3.906746346,J1,0.693103093,0.003756976,0.000000064
3.906746346,J2,3.429161355,0.007877991,-1.685682834
3.906746346,J3,1.605647837,0.000905981,0.305817361
3.916735162,J1,0.693136906,0.003381279,0.000000052
3.916735162,J2,3.429232257,0.007090192,-1.685648197
3.916735162,J3,1.605655991,0.000815383,0.305811960
3.926761275,J1,0.693167337,0.003043151,0.000000042
3.926761275,J2,3.429296068,0.006381173,-1.685617015
3.926761275,J3,1.605663329,0.000733845,0.305807096
3.936755748,J1,0.693194725,0.002738836,0.000000034
3.936755748,J2,3.429353499,0.005743056,-1.685588942
3.936755748,J3,1.605669934,0.000660460,0.305802718
3.946729826,J1,0.693219375,0.002464952,0.000000027
3.946729826,J2,3.429405186,0.005168750,-1.685563670
3.946729826,J3,1.605675878,0.000594414,0.305798776
3.956784295,J1,0.693241560,0.002218457,0.000000022
3.956784295,J2,3.429451705,0.004651875,-1.685540920
3.956784295,J3,1.605681228,0.000534973,0.305795228
3.966753205,J1,0.693261526,0.001996611,0.000000018
3.966753205,J2,3.429493572,0.004186688,-1.685520441
3.966753205,J3,1.605686042,0.000481476,0.305792034
3.976757037,J1,0.693279495,0.001796950,0.000000015
3.976757037,J2,3.429531252,0.003768019,-1.685502006
3.976757037,J3,1.605690376,0.000433328,0.305789159
3.986766876,J1,0.693295668,0.001617255,0.000000012
3.986766876,J2,3.429565164,0.003391217,-1.685485412
3.986766876,J3,1.605694276,0.000389995,0.305786571
3.996873379,J1,0.693310223,0.001455530,0.000000010
3.996873379,J2,3.429595685,0.003052095,-1.685470475
3.996873379,J3,1.605697786,0.000350996,0.305784241
4.006729212,J1,0.693323323,0.001309977,0.000000008
4.006729212,J2,3.429623154,0.002746886,-1.685457030
4.006729212,J3,1.605700945,0.000315896,0.305782144
4.016768874,J1,0.693335113,0.001178979,0.000000006
4.016768874,J2,3.429647876,0.002472197,-1.685444927
4.016768874,J3,1.605703788,0.000284307,0.305780257
